notebook,pen,persona
"spiral notebook","sparkle gel pen","archivist"
"spiral notebook","charcoal","note taker"
"spiral notebook","ballpoint pen","casual journaler"
"spiral notebook","pencil","notes app is good enough"
"spiral notebook","red ink","main character energy"
"spiral notebook","calligraphy","doodler"
"leather","sparkle gel pen","notes app is good enough"
"leather","charcoal","archivist"
"leather","ballpoint pen","note taker"
"leather","pencil","casual journaler"
"leather","red ink","main character energy"
"leather","calligraphy","main character energy"
"bullet journal","sparkle gel pen","casual journaler"
"bullet journal","charcoal","doodler"
"bullet journal","ballpoint pen","notes app is good enough"
"bullet journal","pencil","archivist"
"bullet journal","red ink","note taker"
"bullet journal","calligraphy","casual journaler"
"locked diary","sparkle gel pen","main character energy"
"locked diary","charcoal","doodler"
"locked diary","ballpoint pen","notes app is good enough"
"locked diary","pencil","archivist"
"locked diary","red ink","note taker"
"locked diary","calligraphy","archivist"
"composition notebook","sparkle gel pen","casual journaler"
"composition notebook","charcoal","main character energy"
"composition notebook","ballpoint pen","note taker"
"composition notebook","pencil","doodler"
"composition notebook","red ink","notes app is good enough"
"composition notebook","calligraphy","archivist"
"sketchbook","sparkle gel pen","note taker"
"sketchbook","charcoal","doodler"
"sketchbook","ballpoint pen","casual journaler"
"sketchbook","pencil","main character energy"
"sketchbook","red ink","doodler"
"sketchbook","calligraphy","notes app is good enough"
